Waypoint,Lat,Long,Site,Tide,Season,Temp_in,Salinity,Phosphate,Silicate,NN,Ammonia,pH,TA,Chlorophyll,Arag,percent_sgd1,21.27531,-157.76181,W,L1,SPRING,23.75505834,27.7402879,0.54,157.93,7.92,0.44,7.909,2161.48229,0.4,2.11,20.404392762,21.27523,-157.76265,W,L1,SPRING,23.53255956,30.6119226,0.36,92.59,3.37,0.47,7.965,2145.827701,1.23,2.44,11.96253233,21.27504,-157.76328,W,L1,SPRING,22.63449814,28.37007862,0.5,143.6,7.29,0.69,8.023,2272.39081,0.31,2.69,18.552971584,21.27449,-157.76402,W,L1,SPRING,24.01982367,32.82124424,0.25,42.32,0.79,0.71,7.995,2219.583262,0.15,2.81,5.4677002585,21.27503,-157.7617,W,L1,SPRING,23.26102354,29.12292683,0.5,126.47,7.45,0.5,8.005,2151.825559,0.16,2.55,16.339793286,21.27485,-157.76234,W,L1,SPRING,24.00516582,34.0201759,0.13,15.04,0.46,0.38,8.019,2216.7581,0.13,2.98,1.9431524557,21.27463,-157.76318,W,L1,SPRING,23.72550249,32.20639623,0.28,56.31,1.59,0.43,8.003,2220.335875,0.16,2.8,7.2751937988,21.27436,-157.76364,W,L1,SPRING,24.08231046,33.66594609,0.15,23.1,0.34,0.41,7.978,2266.862576,0.22,2.82,2.9844961249,21.27456,-157.76126,W,L1,SPRING,24.61700769,32.66478542,0.23,45.88,1.91,0.38,7.972,2189.458388,0.16,2.7,5.92764857910,21.27427,-157.76208,W,L1,SPRING,23.8898623,34.34759675,0.11,7.59,0.25,0.38,7.959,2240.714341,2.09,2.69,0.98062015511,21.27399,-157.76295,W,L1,SPRING,23.87418146,34.2073991,0.11,10.78,0.26,0.34,7.953,2295.977644,0.49,2.73,1.39276485812,21.27377,-157.76344,W,L1,SPRING,23.97824596,34.00567269,0.13,15.37,0.36,0.38,7.924,2212.963581,0.17,2.49,1.98578811413,21.27353,-157.76089,W,L1,SPRING,24.10860383,34.57789008,0.09,2.35,0.2,0.27,7.933,2277.045233,0.16,2.64,0.30361757114,21.27328,-157.76164,W,L1,SPRING,24.06194201,34.57832957,0.09,2.34,0.19,0.28,7.989,2294.263212,0.22,2.95,0.30232558115,21.27309,-157.76244,W,L1,SPRING,23.85659446,34.57085822,0.11,2.51,0.16,0.3,7.957,2309.947719,0.23,2.78,0.32428940616,21.27288,-157.76306,W,L1,SPRING,23.87478944,34.47636764,0.09,4.66,0.19,0.32,7.925,2268.419106,0.22,2.56,0.60206718317,21.27254,-157.76073,W,L1,SPRING,24.51562606,34.59942514,0.12,1.86,0.26,0.22,7.997,2274.630462,0.22,3.01,0.24031007818,21.27214,-157.76118,W,L1,SPRING,24.56946139,34.581406,0.11,2.27,0.2,0.19,7.986,2221.496044,0.17,2.88,0.29328165419,21.27206,-157.76196,W,L1,SPRING,24.77369034,34.60733598,0.12,1.68,0.13,0.15,7.996,2263.358534,8.95,3.01,0.21705426420,21.27185,-157.76279,W,L1,SPRING,24.97791928,34.59854616,0.12,1.88,0.18,0.31,7.963,2278.298318,NA,2.87,0.24289405741,21.27585,-157.76212,W,L1,SPRING,NA,24.83173596,1.33,224.11,27.65,0.6,8.463,1862.585914,0.54,2.09,28.9547803644,21.26879,-157.76039,W,L1,SPRING,24.43115441,34.60953343,0.12,1.63,0.13,0.18,7.975,2274.315854,0.27,2.57,0.21059431545,21.26879,-157.76039,W,L1,SPRING,24.43115441,34.59459074,0.21,1.97,0.2,0.38,7.933,2294.499484,0.26,2.39,0.25452196443,21.27384,-157.75899,W,L1,SPRING,NA,NA,NA,NA,NA,NA,8.348,2252.358899,NA,0,NA1,21.27531,-157.76181,W,H1,SPRING,25.39966468,34.48867339,0.11,4.38,0.28,0.24,8.094,2244.213993,0.74,3.62,0.5658914732,21.27523,-157.76265,W,H1,SPRING,25.20243729,34.49658423,0.1,4.2,0.21,0.35,8.098,2264.306252,NA,3.66,0.5426356593,21.27504,-157.76328,W,H1,SPRING,25.33238243,34.42582616,0.12,5.81,0.23,0.32,8.079,2336.320198,0.77,3.67,0.7506459954,21.27449,-157.76402,W,H1,SPRING,25.88280725,34.48076255,0.12,4.56,0.24,0.23,8.063,2269.134251,0.61,3.53,0.5891472875,21.27503,-157.7617,W,H1,SPRING,25.21517828,34.54141232,0.12,3.18,0.2,0.24,8.075,2273.407056,0.48,3.54,0.4108527136,21.27485,-157.76234,W,H1,SPRING,25.44160305,34.53394097,0.12,3.35,0.21,0.21,8.096,2241.211157,0.35,3.64,0.4328165377,21.27463,-157.76318,W,H1,SPRING,25.5396418,34.52603013,0.11,3.53,0.22,0.23,8.077,2283.485901,0.63,3.6,0.4560723518,21.27436,-157.76364,W,H1,SPRING,25.67325055,34.52515115,0.1,3.55,0.18,0.19,8.062,2265.354907,0.34,3.49,0.4586563319,21.27456,-157.76126,W,H1,SPRING,25.30033536,34.57789008,0.11,2.35,0.18,0.36,8.086,2270.401798,0.28,3.61,0.30361757110,21.27427,-157.76208,W,H1,SPRING,25.4691375,34.56426585,0.13,2.66,0.16,0.17,8.089,2245.596857,1.47,3.61,0.34366925111,21.27399,-157.76295,W,H1,SPRING,25.48436687,34.5669028,0.12,2.6,0.19,0.21,8.094,2259.329722,0.64,3.66,0.33591731312,21.27377,-157.76344,W,H1,SPRING,25.57880871,34.54141232,0.11,3.18,0.21,0.25,8.079,2288.464523,0.734366036,3.63,0.41085271313,21.27353,-157.76089,W,H1,SPRING,25.71026052,34.59898565,0.14,1.87,0.19,0.21,8.088,2247.471323,0.27,3.63,0.24160206714,21.27328,-157.76164,W,H1,SPRING,25.52240571,34.60162259,0.11,1.81,0.12,0.17,8.112,2235.94711,0.06,3.74,0.23385012915,21.27309,-157.76244,W,H1,SPRING,25.54394564,34.58799837,0.12,2.12,0.15,0.2,8.113,2254.568475,0.67,3.78,0.27390180916,21.27288,-157.76306,W,H1,SPRING,25.57611959,34.5915143,0.11,2.04,0.12,0.14,8.118,2278.998271,2.34,3.86,0.26356589117,21.27254,-157.76073,W,H1,SPRING,25.24803637,34.60821496,0.12,1.66,0.21,0.4,8.097,2263.320386,0.31,3.66,0.21447028418,21.27214,-157.76118,W,H1,SPRING,25.31753883,34.60865445,0.11,1.65,0.14,0.16,8.089,2283.21026,0.23,3.65,0.21317829519,21.27206,-157.76196,W,H1,SPRING,25.72976343,34.61173089,0.13,1.58,0.14,0.21,8.053,2257.582582,0.45,3.44,0.20413436720,21.27185,-157.76279,W,H1,SPRING,26.14198803,34.60909394,0.12,1.64,0.12,0.2,8.087,2259.577353,0.41,3.69,0.21188630541,21.27585,-157.76212,W,H1,SPRING,NA,34.39989619,0.15,6.4,0.35,0.22,8.287,2255.661977,0.53,2.21,0.82687338544,21.26658,-157.7618,W,H1,SPRING,24.60358254,34.62139969,0.14,1.36,0.09,0.14,8.030,2278.659129,0.2,2.88,0.17571059445,21.26658,-157.7618,W,H1,SPRING,24.60358254,34.61348885,0.18,1.54,0.1,0.26,8.039,2280.792107,0.33,2.93,0.19896640843,21.27384,-157.75899,W,H1,SPRING,NA,NA,NA,NA,NA,NA,8.43,2270.028889,NA,0,NA1,21.27531,-157.76181,W,L2,SPRING,23.68898041,31.50277101,0.31,72.32,2.77,0.28,7.917,2233.751992,0.67,2.36,9.3436692512,21.27523,-157.76265,W,L2,SPRING,23.31951534,32.73334603,0.23,44.32,2.34,0.28,8.01,2254.795338,0.56,2.86,5.7260981913,21.27504,-157.76328,W,L2,SPRING,23.42893972,33.12097716,0.21,35.5,1.36,0.26,7.981,2257.264212,0.6,2.74,4.5865633074,21.27449,-157.76402,W,L2,SPRING,23.76412004,34.3599025,0.08,7.31,0.24,0.19,7.998,2274.697509,0.38,2.93,0.9444444445,21.27503,-157.7617,W,L2,SPRING,23.51966167,32.10970819,0.29,58.51,3.47,0.3,7.993,2254.602485,1.15,2.77,7.5594315256,21.27485,-157.76234,W,L2,SPRING,23.80725669,34.35155217,0.09,7.5,0.23,0.24,7.865,2300.599272,0.49,2.31,0.9689922487,21.27463,-157.76318,W,L2,SPRING,23.74796861,34.4486797,0.07,5.29,0.15,0.06,7.934,2251.863751,3.71,2.58,0.6834625328,21.27436,-157.76364,W,L2,SPRING,23.74387241,34.43769242,0.09,5.54,0.18,0.32,7.97,2303.486119,0.39,2.82,0.7157622749,21.27456,-157.76126,W,L2,SPRING,24.50343263,34.48427848,0.09,4.48,0.28,0.26,7.982,2250.3368,0.76,2.89,0.5788113710,21.27427,-157.76208,W,L2,SPRING,23.9802397,34.54404926,0.09,3.12,0.22,0.25,7.915,2284.103997,0.33,2.54,0.40310077511,21.27399,-157.76295,W,L2,SPRING,24.00713255,34.55327858,0.12,2.91,0.25,0.3,7.933,2280.920815,0.44,2.63,0.37596899212,21.27377,-157.76344,W,L2,SPRING,23.87550248,34.56031043,0.11,2.75,0.21,0.31,7.969,2227.978151,0.42,2.74,0.35529715813,21.27353,-157.76089,W,L2,SPRING,24.31659874,34.6060175,0.13,1.71,0.15,0.23,7.951,2283.721685,0.35,2.76,0.22093023314,21.27328,-157.76164,W,L2,SPRING,24.26640693,34.61304936,0.11,1.55,0.19,0.19,7.95,2248.792728,0.33,2.7,0.20025839815,21.27309,-157.76244,W,L2,SPRING,24.25437307,34.6112914,0.12,1.59,0.17,0.21,7.96,2281.7078,0.51,2.8,0.20542635716,21.27288,-157.76306,W,L2,SPRING,23.89699277,34.6011831,0.11,1.82,0.25,0.22,7.852,2204.133771,0.5,2.17,0.23514211917,21.27254,-157.76073,W,L2,SPRING,24.27209963,34.5915143,0.12,2.04,0.18,0.18,7.973,2248.010876,1.09,2.82,0.26356589118,21.27214,-157.76118,W,L2,SPRING,24.50119932,34.61964173,0.12,1.4,0.17,0.24,7.966,2304.665708,0.24,2.88,0.18087855319,21.27206,-157.76196,W,L2,SPRING,24.76463798,34.61480733,0.13,1.51,0.13,0.13,7.918,2242.05194,5.91,2.58,0.19509043920,21.27185,-157.76279,W,L2,SPRING,25.02807664,34.61173089,0.12,1.58,0.13,0.24,7.893,2288.770164,0.39,2.54,0.20413436741,21.27585,-157.76212,W,L2,SPRING,NA,29.78392141,0.49,111.43,6.48,0.36,8.36,2226.798064,0.7,2.3,14.3966408343,21.27384,-157.75899,W,L2,SPRING,NA,NA,NA,NA,NA,NA,8.276,2264.100058,NA,0,NA1,21.27531,-157.76181,W,H2,SPRING,23.84408,34.50669252,0.11,3.97,0.21,0.11,7.91,2317.859168,1.01,2.54,0.5129198972,21.27523,-157.76265,W,H2,SPRING,23.55377558,34.42099176,0.08,5.92,0.19,0.17,7.961,2289.427426,0.8,2.74,0.7648578813,21.27504,-157.76328,W,H2,SPRING,23.47183421,34.29002342,0.11,8.9,0.44,0.28,7.957,2294.627259,0.54,2.71,1.1498708014,21.27449,-157.76402,W,H2,SPRING,23.556481,34.36561589,0.09,7.18,0.17,0.18,7.845,2329.60589,0.77,2.23,0.9276485795,21.27503,-157.7617,W,H2,SPRING,23.7800959,34.53833588,0.1,3.25,0.22,0.21,7.96,2289.515865,0.15,2.76,0.4198966416,21.27485,-157.76234,W,H2,SPRING,23.82914525,34.44252682,0.11,5.43,0.19,2.41,7.906,2281.618209,0.64,2.48,0.7015503887,21.27463,-157.76318,W,H2,SPRING,23.61317188,34.5176798,0.09,3.72,0.16,0.21,7.908,2327.839765,0.31,2.53,0.4806201558,21.27436,-157.76364,W,H2,SPRING,23.65293476,34.45966698,0.07,5.04,0.15,0.56,7.868,2284.913361,0.47,2.3,0.6511627919,21.27456,-157.76126,W,H2,SPRING,24.05007101,34.56953975,0.12,2.54,0.16,0.16,7.928,2291.859351,0.74,2.62,0.32816537510,21.27427,-157.76208,W,H2,SPRING,23.80041662,34.53130402,0.1,3.41,0.16,0.15,7.931,2308.961939,0.84,2.63,0.44056847511,21.27399,-157.76295,W,H2,SPRING,23.65167304,34.52471166,0.12,3.56,0.25,0.38,7.944,2284.136728,1.47,2.65,0.4599483212,21.27377,-157.76344,W,H2,SPRING,23.6523039,34.5128454,0.09,3.83,0.18,0.14,7.901,2305.157053,0.81,2.47,0.49483204113,21.27353,-157.76089,W,H2,SPRING,23.96962105,34.59327226,0.11,2,0.2,0.12,7.942,2238.72427,0.44,2.63,0.25839793314,21.27328,-157.76164,W,H2,SPRING,23.90270436,34.60250158,0.11,1.79,0.2,0.18,7.924,2288.673354,0.91,2.59,0.2312661515,21.27309,-157.76244,W,H2,SPRING,23.72369608,34.60382005,0.11,1.76,0.2,0.23,7.945,2268.841999,0.27,2.65,0.22739018116,21.27288,-157.76306,W,H2,SPRING,23.6971628,34.60008438,NA,NA,NA,NA,NA,NA,NA,NA,NA17,21.27254,-157.76073,W,H2,SPRING,23.91871166,34.5963487,0.12,1.93,0.15,0.13,7.95,2275.456662,0.17,2.7,0.24935400518,21.27214,-157.76118,W,H2,SPRING,24.04954757,34.60865445,0.11,1.65,0.17,0.15,7.947,2259.753937,0.35,2.68,0.21317829519,21.27206,-157.76196,W,H2,SPRING,24.28645788,34.61348885,0.11,1.54,0.13,0.1,7.945,2258.364848,0.39,2.69,0.19896640820,21.27185,-157.76279,W,H2,SPRING,24.52336819,34.60557801,0.11,1.72,0.11,0.16,7.934,2295.329722,0.26,2.7,0.22222222241,21.27585,-157.76212,W,H2,SPRING,NA,33.93887005,0.17,16.89,1.25,0.51,8.318,2273.073417,1.1,2.34,2.18217054344,21.26605,-157.76105,W,AM,SPRING,24.12984958,34.61041242,0.13,1.61,0.1,0.13,7.955,2258.053746,0.24,2.44,0.20801033645,21.26605,-157.76105,W,AM,SPRING,24.12984958,34.58448244,0.17,2.2,0.08,0.17,7.995,2270.824438,0.2,2.65,0.28423772643,21.27384,-157.75899,W,H2,SPRING,NA,NA,NA,NA,NA,NA,8.354,2265.254898,NA,0,NA50,NA,NA,W,,SPRING,NA,NA,NA,NA,NA,NA,NA,1746.708355,NA,NA,NA1,21.27531,-157.76181,W,L1,FALL,25.46666036,32.33384864,0.19,53.41,1.02,0.38,8.094,2219.095298,4.01,3.5,6.9005167962,21.27523,-157.76265,W,L1,FALL,24.83646091,29.68899134,0.38,113.59,5.83,2.43,8.096,2180.930839,1.56,3.25,14.675710593,21.27504,-157.76328,W,L1,FALL,25.26714707,31.27467514,0.27,77.51,2.45,0.82,8.192,2199.619975,0.858860578,4.01,10.014211894,21.27449,-157.76402,W,L1,FALL,25.90683954,34.25750108,0.08,9.64,0.27,0.52,8.149,2245.963283,1.68,4.03,1.2454780365,21.27503,-157.7617,W,L1,FALL,25.21517828,32.71840333,0.19,44.66,1.33,0.68,8.083,2212.273427,0.553142857,3.41,5.770025846,21.27485,-157.76234,W,L1,FALL,25.82009286,34.21926536,0.09,10.51,0.29,0.35,8.109,2244.687113,0.322285714,3.75,1.3578811377,21.27463,-157.76318,W,L1,FALL,25.76804737,34.49526575,0.07,4.23,0.21,0.48,8.088,2256.437492,0.635344764,3.65,0.5465116288,21.27436,-157.76364,W,L1,FALL,25.83356331,34.50361608,0.06,4.04,0.17,0.63,8.077,2247.179605,0.19238477,3.57,0.5219638249,21.27456,-157.76126,W,L1,FALL,26.78995211,34.49746321,0.05,4.18,0.17,0.29,8.03,2242.012856,0.463407407,3.38,0.5400516810,21.27427,-157.76208,W,L1,FALL,26.08314479,34.54976265,0.04,2.99,0.25,0.34,8.072,2240.889093,0.8,3.56,0.3863049111,21.27399,-157.76295,W,L1,FALL,25.95708185,34.57569262,0.06,2.4,0.14,0.4,8.042,2239.283896,0.254285714,3.36,0.31007751912,21.27377,-157.76344,W,L1,FALL,25.89532258,34.57832957,0.1,2.34,0.18,0.46,8.048,2254.849699,0.599717954,3.42,0.30232558113,21.27353,-157.76089,W,L1,FALL,26.48281306,34.60953343,0.07,1.63,0.13,2.79,8.091,2266.405711,0.817142857,3.78,0.21059431514,21.27328,-157.76164,W,L1,FALL,26.1885656,34.58843786,0.08,2.11,0.17,0.22,8.086,2249.929778,0.28,3.68,0.27260981915,21.27309,-157.76244,W,L1,FALL,25.90139646,34.58536142,0.09,2.18,0.13,2.62,8.077,2268.266354,5.743000718,3.62,0.28165374716,21.27288,-157.76306,W,L1,FALL,25.91379523,34.59195379,0.06,2.03,0.1,0.31,8.023,2273.234331,1.323076923,3.3,0.26227390217,21.27254,-157.76073,W,L1,FALL,26.7705343,34.60294107,0.09,1.78,0.13,0.43,8.169,2238.606606,0.868571429,4.28,0.2299741618,21.27214,-157.76118,W,L1,FALL,26.93993178,34.61788376,0.1,1.44,0.11,0.35,8.139,2243.843064,6.95,4.11,0.18604651219,21.27206,-157.76196,W,L1,FALL,27.40983169,34.59766717,0.1,1.9,0.1,1.12,8.113,2246.937582,0.433714286,4,0.24547803620,21.27185,-157.76279,W,L1,FALL,27.8797316,34.59766717,0.1,1.9,0.1,0.57,8.045,2263.827588,1.717721157,3.64,0.24547803641,21.27585,-157.76212,W,L1,FALL,NA,22.88874591,0.87,268.32,17.4,1.57,8.46,2015.08101,0.887489264,2.15,34.6666666743,21.27384,-157.75899,W,L1,FALL,NA,NA,NA,NA,NA,NA,8.321,2254.097238,NA,0,NA1,21.27531,-157.76181,W,H1,FALL,27.12962167,34.4882339,0.09,4.39,0.22,1.92,8.078,2245.104438,0.721442886,3.73,0.5671834632,21.27523,-157.76265,W,H1,FALL,26.89176305,34.4438453,0.09,5.4,0.23,0.6,8.147,2240.358874,1.122244489,4.14,0.6976744193,21.27504,-157.76328,W,H1,FALL,27.19561155,34.41527838,0.1,6.05,0.3,0.41,8.129,2226.132597,1.076438591,4.03,0.7816537474,21.27449,-157.76402,W,H1,FALL,27.88902331,34.43945039,0.08,5.5,0.25,0.41,8.173,2220.053441,0.950472373,4.41,0.7105943155,21.27503,-157.7617,W,H1,FALL,26.97355833,34.5225142,0.08,3.61,0.24,0.41,8.114,2253.270607,2.886153846,3.96,0.4664082696,21.27485,-157.76234,W,H1,FALL,27.16259166,34.50317659,0.11,4.05,0.35,0.31,8.142,2231.928785,1.379902662,4.13,0.5232558147,21.27463,-157.76318,W,H1,FALL,27.42211556,34.51592183,0.13,3.76,0.12,0.21,8.154,2227.731898,4.074285714,4.23,0.4857881148,21.27436,-157.76364,W,H1,FALL,27.65231627,34.53965435,0.12,3.22,0.04,0.15,8.15,2238.532837,15.54285714,4.26,0.4160206729,21.27456,-157.76126,W,H1,FALL,27.48360478,34.54668621,0.09,3.06,0.2,0.3,8.111,2234.152534,0.634285714,3.96,0.39534883710,21.27427,-157.76208,W,H1,FALL,27.27202689,34.53789639,0.07,3.26,0.22,0.29,8.128,2219.513637,5,4.02,0.4211886311,21.27399,-157.76295,W,H1,FALL,27.3170607,34.52910657,0.09,3.46,0.68,0.26,8.135,2206.974224,0.375035786,4.05,0.44702842412,21.27377,-157.76344,W,H1,FALL,27.48468849,34.54317028,0.09,3.14,0.21,0.22,8.194,2231.540629,0.534153846,4.53,0.40568475513,21.27353,-157.76089,W,H1,FALL,27.68477446,34.57613211,0.08,2.39,0.14,0.03,8.199,2235.314033,2.5250501,4.6,0.3087855314,21.27328,-157.76164,W,H1,FALL,27.50769411,34.58448244,0.08,2.2,0.17,0.28,8.171,2231.773561,0.742857143,4.37,0.28423772615,21.27309,-157.76244,W,H1,FALL,27.34219822,34.5765716,0.08,2.38,0.11,1.06,8.152,2244.596967,14.85714286,4.25,0.3074935416,21.27288,-157.76306,W,H1,FALL,27.43287305,34.55635501,0.1,2.84,0.12,0.54,8.141,2225.157422,4.068571429,4.15,0.36692506517,21.27254,-157.76073,W,H1,FALL,27.22096664,34.60689649,0.12,1.69,0.15,0.51,8.17,2242.445381,0.611428571,4.35,0.21834625318,21.27214,-157.76118,W,H1,FALL,27.39999941,34.60294107,0.11,1.78,0.2,0.15,8.165,2244.10175,1.005714286,4.34,0.2299741619,21.27206,-157.76196,W,H1,FALL,27.94864676,34.61304936,0.15,1.55,0.14,2.3,8.112,2260.206592,7.443458345,4.08,0.20025839820,21.27185,-157.76279,W,H1,FALL,28.49729411,34.59678819,0.12,1.92,0.27,2.33,8.139,2254.998379,2.313197824,4.33,0.24806201641,21.27585,-157.76212,W,H1,FALL,NA,30.70289725,0.46,90.52,8.44,0.36,8.564,2222.257128,0.17,3.4,11.6950904443,21.27384,-157.75899,W,H1,FALL,NA,NA,NA,NA,NA,NA,8.599,2243.629736,NA,0,NA1,21.27531,-157.76181,W,L2,FALL,24.4424524,28.02024372,0.49,151.56,6.98,0.81,7.964,2155.302454,1.304615385,2.41,19.581395352,21.27523,-157.76265,W,L2,FALL,24.17257622,25.96034904,0.62,198.43,11.69,0.93,8.006,2133.421493,1.06,2.46,25.63695093,21.27504,-157.76328,W,L2,FALL,24.81139318,30.53896708,0.36,94.25,4.08,0.87,8.008,2205.1881,1.243636364,2.84,12.177002584,21.27449,-157.76402,W,L2,FALL,25.62518103,33.16097084,0.18,34.59,0.76,0.59,7.97,2249.618001,1.44,2.88,4.4689922485,21.27503,-157.7617,W,L2,FALL,24.45273464,28.02859405,0.49,151.37,7.39,2.08,7.999,2129.366609,2.559404523,2.55,19.556847556,21.27485,-157.76234,W,L2,FALL,25.04213669,32.3602181,0.22,52.81,2.14,0.47,7.963,2207.789729,1.28,2.71,6.8229974167,21.27463,-157.76318,W,L2,FALL,25.28877011,33.64045561,0.15,23.68,0.82,0.7,7.995,2237.131953,1.127970226,2.99,3.0594315258,21.27436,-157.76364,W,L2,FALL,25.46793771,33.91074262,0.13,17.53,0.42,0.42,7.954,2252.364904,2.382857143,2.81,2.2648578819,21.27456,-157.76126,W,L2,FALL,26.60597928,32.41032009,0.16,51.67,1.01,0.61,7.956,2213.643995,11.59128978,2.83,6.67571059410,21.27427,-157.76208,W,L2,FALL,25.4691375,34.45219563,0.09,5.21,0.45,0.6,8.012,2234.700866,0.64,3.12,0.67312661511,21.27399,-157.76295,W,L2,FALL,25.48436687,34.47592815,0.08,4.67,0.3,0.42,8.008,2245.851148,2.151111111,3.12,0.60335917312,21.27377,-157.76344,W,L2,FALL,25.47615229,34.39198535,0.09,6.58,0.25,0.2,8.002,2237.72937,6.828471758,3.07,0.85012919913,21.27353,-157.76089,W,L2,FALL,25.8971684,34.557234,0.08,2.82,0.15,0.69,8.052,2220.377584,0.790151732,3.38,0.36434108514,21.27328,-157.76164,W,L2,FALL,25.63735834,34.59107481,0.07,2.05,0.09,0.09,7.987,2244.502057,2.954285714,3.02,0.26485788115,21.27309,-157.76244,W,L2,FALL,25.65576359,34.56558433,0.06,2.63,0.12,0.22,8.039,2216.418806,3.464070999,3.28,0.33979328216,21.27288,-157.76306,W,L2,FALL,25.64365472,34.56074992,0.09,2.74,0.16,0.67,8.04,2248.676797,0.516,3.33,0.35400516817,21.27254,-157.76073,W,L2,FALL,26.45559787,34.63018951,0.1,1.16,0.18,0.32,8.005,2263.444971,0.387059834,3.24,0.14987080118,21.27214,-157.76118,W,L2,FALL,26.73234029,34.6359029,0.1,1.03,0.17,0.6,8.001,2248.438919,0.424,3.22,0.13307493519,21.27206,-157.76196,W,L2,FALL,26.78095108,34.6359029,0.09,1.03,0.08,0.21,8.003,2265.104985,0.813054681,3.26,0.13307493520,21.27185,-157.76279,W,L2,FALL,26.82956186,34.59019583,0.07,2.07,0.08,0.21,8.022,2247.691473,0.559404523,3.36,0.2674418641,21.27585,-157.76212,W,L2,FALL,NA,15.18930174,1.36,443.51,33.55,2.83,8.046,1982.831316,2.683886291,0.72,57.3010335943,21.27384,-157.75899,W,L2,FALL,NA,NA,NA,NA,NA,NA,8.469,2228.076231,NA,0,NA1,21.27531,-157.76181,W,H2,FALL,25.68967338,34.39330382,0.09,6.55,0.35,0.21,7.963,2239.324994,2.471111111,2.89,0.846253232,21.27523,-157.76265,W,H2,FALL,25.09458918,33.76834751,0.15,20.77,1.4,0.66,7.948,2262.677419,2.293818406,2.76,2.6834625323,21.27504,-157.76328,W,H2,FALL,24.9418639,33.73670416,0.12,21.49,1.2,0.67,7.861,2255.300778,NA,2.31,2.7764857884,21.27449,-157.76402,W,H2,FALL,25.32141281,34.06104857,0.07,14.11,0.42,0.22,7.928,2266.715279,14.41051411,2.69,1.8229974165,21.27503,-157.7617,W,H2,FALL,25.65252817,34.48515746,0.11,4.46,0.29,0.7,7.964,2251.264292,0.910392213,2.9,0.576227396,21.27485,-157.76234,W,H2,FALL,25.5747585,34.34364133,0.21,7.68,0.57,2.35,7.947,2258.76146,2.055384615,2.81,0.9922480627,21.27463,-157.76318,W,H2,FALL,25.35710456,34.42714464,0.1,5.78,0.24,0.58,7.943,2266.833129,1.537391304,2.78,0.7467700268,21.27436,-157.76364,W,H2,FALL,25.30856245,34.38011909,0.1,6.85,0.33,0.64,7.929,2249.646663,1.186666667,2.68,0.885012929,21.27456,-157.76126,W,H2,FALL,26.42200645,34.54185181,0.09,3.17,0.24,0.35,7.948,2259.562288,0.977142857,2.91,0.40956072410,21.27427,-157.76208,W,H2,FALL,25.65082403,34.5075715,0.09,3.95,0.25,0.45,7.94,2263.486124,1.245714286,2.79,0.51033591711,21.27399,-157.76295,W,H2,FALL,25.41696805,34.50581354,0.08,3.99,0.18,0.45,7.916,2257.603516,1.4,2.65,0.51550387612,21.27377,-157.76344,W,H2,FALL,25.36276525,34.54888366,0.11,3.01,0.13,0.32,7.901,2266.414651,1.732696162,2.58,0.38888888913,21.27353,-157.76089,W,H2,FALL,26.48281306,34.59898565,0.12,1.87,0.15,0.35,7.977,2281.690363,0.209084836,3.11,0.24160206714,21.27328,-157.76164,W,H2,FALL,26.37324359,34.59722768,0.09,1.91,0.14,0.28,7.974,2260.598828,0.81496326,3.05,0.24677002615,21.27309,-157.76244,W,H2,FALL,25.90139646,34.60425954,0.09,1.75,0.13,0.34,7.945,2268.553037,0.78,2.86,0.22609819116,21.27288,-157.76306,W,H2,FALL,25.82313164,34.59019583,0.1,2.07,0.14,0.95,7.926,2261.428824,0.629258517,2.74,0.2674418617,21.27254,-157.76073,W,H2,FALL,26.38784991,34.61348885,0.13,1.54,0.15,0.54,8.01,2253.449673,0.258,3.24,0.19896640818,21.27214,-157.76118,W,H2,FALL,26.52661899,34.61700478,0.11,1.46,0.14,0.86,8.001,2266.47176,0.616666667,3.23,0.18863049119,21.27206,-157.76196,W,H2,FALL,26.76743323,34.61964173,0.08,1.4,0.09,0.18,7.936,2255.282957,1.135604542,2.88,0.18087855320,21.27185,-157.76279,W,H2,FALL,27.00824746,34.5717372,0.11,2.49,0.76,0.77,7.938,2264.389536,0.575818303,2.92,0.32170542641,21.27585,-157.76212,W,H2,FALL,NA,33.0695567,0.23,36.67,2.31,1.32,8.317,2260.693464,2.424849699,2.29,4.73772609843,21.27384,-157.75899,W,H2,FALL,NA,NA,NA,NA,NA,NA,8.373,2257.19649,NA,0,NA24,21.25873,-157.79053,BP,L1,SPRING,24.36430308,29.98459089,0.77,113.44,25.67,1.3,8.044,2413.55454,0.53,3.25,14.2871536528,21.25846,-157.79051,BP,L1,SPRING,24.26588674,29.3304682,0.82,129.12,30.38,0.62,8.099,2267.730322,0.32,3.32,16.2619647440,21.25834,-157.79048,BP,L1,SPRING,24.35549788,29.00382403,0.89,136.95,32.39,0.64,8.064,2318.107265,0.19,3.18,17.2481108332,21.25817,-157.79045,BP,L1,SPRING,24.62121492,34.39533014,0.12,7.71,0.39,0.26,8.116,2236.163316,0.22,3.65,0.97103274636,21.25784,-157.79033,BP,L1,SPRING,24.46648584,34.42786941,0.11,6.93,0.31,0.22,NA,NA,0.22,NA,0.8727959723,21.259,-157.79021,BP,L1,SPRING,23.99281824,31.16685089,0.41,85.1,11.56,0.89,8.047,2397.096741,0.35,3.26,10.7178841327,21.25889,-157.79007,BP,L1,SPRING,24.13040372,31.87562286,0.36,68.11,10.16,0.9,8.027,2397.404824,0.61,3.19,8.57808564239,21.25864,-157.79005,BP,L1,SPRING,24.38001239,33.57725962,0.22,27.32,5.04,0.63,NA,NA,0.39,NA,3.44080604531,21.25853,-157.79005,BP,L1,SPRING,24.71548058,33.68196931,0.18,24.81,3.9,0.57,8.123,2326.434209,0.53,3.83,3.12468513935,21.25809,-157.78984,BP,L1,SPRING,24.40795864,34.27685384,0.13,10.55,0.64,0.31,8.147,2236.573255,0.04,3.82,1.32871536522,21.25931,-157.78983,BP,L1,SPRING,23.6051587,33.80420014,0.15,21.88,0.65,0.41,8.026,2355.743146,1.21,3.16,2.75566750626,21.25891,-157.78981,BP,L1,SPRING,24.16636374,32.83219385,0.26,45.18,6.18,1.04,NA,NA,0.27,NA,5.69017632238,21.25893,-157.78972,BP,L1,SPRING,23.62890041,33.27063961,0.25,34.67,2.9,0.98,NA,NA,0.43,NA,4.36649874130,21.25857,-157.78987,BP,L1,SPRING,24.54774649,32.88767747,0.34,43.85,9.01,0.52,8.081,2316.328969,NA,3.49,5.52267002534,21.25832,-157.78957,BP,L1,SPRING,24.47785256,33.83215054,0.19,21.21,2.99,0.72,NA,NA,0.4,NA,2.67128463521,21.2598,-157.78912,BP,L1,SPRING,24.82692601,34.65397559,0.13,1.51,0.19,0.38,8.111,2292.858131,1.51,3.75,0.19017632225,21.25954,-157.78909,BP,L1,SPRING,24.78615874,34.65397559,0.1,1.51,0.12,0.2,8.128,2238.277969,0.91,3.76,0.19017632237,21.25962,-157.7888,BP,L1,SPRING,24.86769328,34.66148466,0.14,1.33,0.14,0.66,8.142,2226.03246,0.35,3.84,0.16750629729,21.25939,-157.78873,BP,L1,SPRING,24.81012382,34.66190183,0.14,1.32,0.12,1.03,8.144,2215.231211,0.15,3.83,0.16624685133,21.25885,-157.788902,BP,L1,SPRING,24.64398819,34.66273617,0.1,1.3,0.06,0.21,8.2,2249.687868,0.3,4.24,0.1637279642,21.25905,-157.79065,BP,L1,SPRING,NA,2.360422521,3.66,775.62,172.23,0.14,7.766,2960.139588,0.62,0.33,97.6851385446,NA,NA,BP,L1,SPRING,24.50557859,34.65480993,0.39,1.49,0.25,1.46,8.099,2243.475823,0.31,3.21,0.18765743147,NA,NA,BP,L1,SPRING,24.50557859,34.64813521,0.31,1.65,0.4,0.93,8.105,2236.587109,0.3,3.23,0.20780856424,21.25873,-157.79053,BP,H1,SPRING,26.43988305,34.11499185,0.19,14.43,1.29,0.51,8.325,2243.563576,2.5,5.37,1.81738035328,21.25846,-157.79051,BP,H1,SPRING,25.95308568,34.02905481,0.19,16.49,1.17,0.38,8.306,2186.695385,0.71,5.01,2.07682619640,21.25834,-157.79048,BP,H1,SPRING,26.09657093,34.02488311,0.16,16.59,1.08,0.42,8.307,2221.347741,1.14,5.13,2.08942065532,21.25817,-157.79045,BP,H1,SPRING,26.3741154,34.10080807,0.15,14.77,0.69,0.37,8.309,2158.086772,0.99,5.03,1.86020151136,21.25784,-157.79033,BP,H1,SPRING,26.22549947,34.08578994,0.15,15.13,0.52,0.23,8.322,2194.570047,0.44,5.19,1.90554156223,21.259,-157.79021,BP,H1,SPRING,26.93809503,34.44831074,0.15,6.44,0.49,0.35,8.241,2257.948452,1.84,4.85,0.81108312327,21.25889,-157.79007,BP,H1,SPRING,26.59350312,34.2593327,0.16,10.97,0.9,0.53,8.288,2219.660067,5.34,5.06,1.38161209139,21.25864,-157.79005,BP,H1,SPRING,25.99096602,34.08620711,0.18,15.12,1.14,0.75,8.292,2221.334924,0.74,5,1.90428211631,21.25853,-157.79005,BP,H1,SPRING,26.32904648,34.21302682,0.16,12.08,1.43,0.55,8.272,2268.926038,1.57,5.01,1.52141057935,21.25809,-157.78984,BP,H1,SPRING,25.73860766,34.4474764,0.14,6.46,0.51,0.27,8.242,2192.279963,1.49,4.55,0.81360201522,21.25931,-157.78983,BP,H1,SPRING,26.25084177,34.62435652,0.18,2.22,0.28,0.31,8.228,2280.421802,6.69,4.72,0.27959697726,21.25891,-157.78981,BP,H1,SPRING,26.0501276,34.58013649,0.16,3.28,0.39,0.67,8.264,2237.264392,0.78,4.86,0.41309823738,21.25893,-157.78972,BP,H1,SPRING,25.93392292,34.60308084,0.15,2.73,0.44,0.26,8.225,2233.180943,1,4.55,0.34382871530,21.25857,-157.78987,BP,H1,SPRING,26.03382707,34.23763985,0.17,11.49,0.81,0.43,8.288,2234.133732,0.72,5.01,1.44710327534,21.25832,-157.78957,BP,H1,SPRING,25.88621737,34.25849836,0.17,10.99,0.87,0.71,8.279,2248.933606,1.46,4.97,1.38413098221,21.2598,-157.78912,BP,H1,SPRING,25.66787286,34.63144841,0.14,2.05,0.16,0.22,8.182,2277.477824,0.98,4.31,0.25818639825,21.25954,-157.78909,BP,H1,SPRING,25.8020621,34.64396351,0.23,1.75,0.16,0.25,8.18,2220.585898,1.16,4.19,0.22040302337,21.25962,-157.7888,BP,H1,SPRING,25.53368361,34.64771804,0.18,1.66,0.18,0.22,8.18,2241.388236,0.22,4.21,0.2090680129,21.25939,-157.78873,BP,H1,SPRING,25.34936877,34.6510554,0.17,1.58,0.18,0.11,8.125,2251.166265,0.78,3.83,0.19899244333,21.25885,-157.788902,BP,H1,SPRING,25.61779307,34.65647861,0.18,1.45,0.15,0.16,NA,NA,0.34,NA,0.18261964742,21.25905,-157.79065,BP,H1,SPRING,NA,33.76456898,0.43,22.83,1.79,1.23,8.8,2196.21183,4.38,5.07,2.87531486124,21.25873,-157.79053,BP,L2,SPRING,24.61367267,32.68159545,0.41,48.79,11.03,0.64,8.025,2314.542987,1.23,3.15,6.14483627228,21.25846,-157.79051,BP,L2,SPRING,24.1146881,33.41039158,0.26,31.32,6.75,0.59,8.028,2290.902568,1.93,3.12,3.94458438340,21.25834,-157.79048,BP,L2,SPRING,24.02649761,33.23851751,0.3,35.44,7.68,0.42,8.013,2304.139072,0.87,3.03,4.46347607132,21.25817,-157.79045,BP,L2,SPRING,24.23656885,34.54175684,0.1,4.2,0.42,0.28,8.003,2228.052265,0.81,2.95,0.52896725436,21.25784,-157.79033,BP,L2,SPRING,24.20107795,34.53466495,0.14,4.37,0.51,0.19,8.012,2266.224599,14.52,3.04,0.55037783423,21.259,-157.79021,BP,L2,SPRING,24.84828896,32.37497545,0.37,56.14,9.52,0.96,8.106,2220.656631,5.89,3.5,7.07052896727,21.25889,-157.79007,BP,L2,SPRING,24.61572552,32.73165586,0.34,47.59,8.48,0.86,8.021,2269.052036,1.5,3.07,5.99370277139,21.25864,-157.79005,BP,L2,SPRING,24.2475804,33.05371117,0.46,39.87,8.21,0.66,7.993,2287.455925,2.51,2.92,5.02141057931,21.25853,-157.79005,BP,L2,SPRING,24.43239884,33.37576647,0.27,32.15,6.17,0.4,8.003510029,2249.046991,0.79,2.954376299,4.04911838835,21.25809,-157.78984,BP,L2,SPRING,24.2099128,34.51005192,0.23,4.96,0.5,0.32,8.02651807,2280.531534,0.67,3.146766941,0.62468513922,21.25931,-157.78983,BP,L2,SPRING,24.14020952,34.57888498,0.1,3.31,0.29,0.34,8.081866954,2240.128003,0.47,3.403859596,0.41687657426,21.25891,-157.78981,BP,L2,SPRING,24.77716809,34.40534223,0.15,7.47,0.73,0.43,8.114779892,2189.086709,0.68,3.582792188,0.94080604538,21.25893,-157.78972,BP,L2,SPRING,23.80186672,34.60725254,0.11,2.63,0.36,0.33,8.053573573,2280.216101,1,3.26306963,0.33123425730,21.25857,-157.78987,BP,L2,SPRING,24.33998962,32.75877192,0.38,46.94,10.25,0.5,8.01779811,2297.281158,0.64,3.065293806,5.91183879134,21.25832,-157.78957,BP,L2,SPRING,24.27495121,33.38995025,0.28,31.81,6.22,0.42,8.025869493,2267.194268,0.98,3.087617336,4.00629722921,21.2598,-157.78912,BP,L2,SPRING,24.39985111,34.65898163,0.13,1.39,0.13,0.12,8.037282948,2237.61632,0.3,3.170772432,0.17506297225,21.25954,-157.78909,BP,L2,SPRING,24.44086574,34.66607353,0.13,1.22,0.11,0.19,8.05934225,2282.497485,0.32,3.371825027,0.15365239337,21.25962,-157.7888,BP,L2,SPRING,24.35883647,34.65898163,0.14,1.39,0.11,0.15,8.060873516,2265.18179,0.73,3.344991693,0.17506297229,21.25939,-157.78873,BP,L2,SPRING,24.33583742,34.66607353,0.13,1.22,0.1,0.21,8.062598919,2289.920174,0.24,3.391290247,0.15365239333,21.25885,-157.788902,BP,L2,SPRING,24.30539432,34.67149674,0.1,1.09,0.07,0.11,8.054570687,2290.440985,0.3,3.341038746,0.13727959742,21.25905,-157.79065,BP,L2,SPRING,NA,2.72419483,3.79,766.9,167.35,1.01,7.781500484,2946.399678,0.63,0.349571886,96.5869017624,21.25873,-157.79053,BP,H2,SPRING,23.82150235,33.88137661,0.22,20.03,3.37,0.39,7.919579465,2295.739761,3.46,2.542934404,2.52267002528,21.25846,-157.79051,BP,H2,SPRING,23.57837763,33.64150381,0.28,25.78,4.69,0.4,7.91157251,2257.163597,1.15,2.432073826,3.24685138540,21.25834,-157.79048,BP,H2,SPRING,23.56789117,33.76206596,0.29,22.89,5.07,0.61,7.862096882,2303.544531,1.02,2.259730656,2.88287153732,21.25817,-157.79045,BP,H2,SPRING,23.6722341,33.23476298,0.3,35.53,6.44,0.28,7.907820142,2376.22279,1.91,2.539762592,4.47481108336,21.25784,-157.79033,BP,H2,SPRING,23.69314217,34.2718478,0.17,10.67,0.88,0.24,7.939820939,2272.001539,1.42,2.616351951,1.34382871523,21.259,-157.79021,BP,H2,SPRING,23.88018281,33.89514322,0.26,19.7,2.58,0.71,7.906492505,2325.43206,5.33,2.518723317,2.48110831227,21.25889,-157.79007,BP,H2,SPRING,23.80016594,34.11123732,0.13,14.52,1.95,0.7,7.938589892,2235.382367,2.26,2.57086564,1.82871536539,21.25864,-157.79005,BP,H2,SPRING,23.67884846,34.3456869,0.16,8.9,0.96,0.29,7.975074982,2283.34633,1.2,2.810963259,1.12090680131,21.25853,-157.79005,BP,H2,SPRING,23.98434878,34.25808119,0.17,11,1.35,0.19,8.028369918,2306.152035,1.21,3.161105929,1.38539042835,21.25809,-157.78984,BP,H2,SPRING,23.87953218,34.16088056,0.18,13.33,1.77,0.22,7.972769704,2313.877747,0.73,2.850381172,1.6788413122,21.25931,-157.78983,BP,H2,SPRING,23.44991079,34.39366146,0.16,7.75,0.62,0.32,7.950516333,2332.963663,1.2,2.725351479,0.97607052926,21.25891,-157.78981,BP,H2,SPRING,23.55826206,34.2885346,0.17,10.27,0.94,0.35,7.931926949,2296.169136,3.37,2.594385408,1.29345088238,21.25893,-157.78972,BP,H2,SPRING,23.56437412,34.30063254,0.2,9.98,1.12,0.39,7.951575229,2307.153511,1.06,2.706846318,1.25692695230,21.25857,-157.78987,BP,H2,SPRING,23.83159862,34.17548151,0.24,12.98,1.33,0.28,7.936426817,2260.179937,0.93,2.59460146,1.63476070534,21.25832,-157.78957,BP,H2,SPRING,23.8555654,34.37280296,0.15,8.25,0.79,0.24,7.974828351,2281.27459,1.82,2.824847098,1.03904282121,21.2598,-157.78912,BP,H2,SPRING,24.04085082,34.62560803,0.2,2.19,0.26,0.19,7.997272455,2248.230837,2.62,2.927197484,0.2758186425,21.25954,-157.78909,BP,H2,SPRING,24.11935325,34.642712,0.17,1.78,0.19,0.02,8.006306546,2262.164351,6.39,3.003679024,0.2241813637,21.25962,-157.7888,BP,H2,SPRING,23.96234839,34.64312917,0.23,1.77,0.21,0.15,8.01510812,2252.612802,1.17,3.022942632,0.22292191429,21.25939,-157.78873,BP,H2,SPRING,23.97100172,34.49878832,0.16,5.23,0.29,0.2,NA,2270.292278,0.39,NA,0.65869017633,21.25885,-157.788902,BP,H2,SPRING,23.91328356,34.63478577,0.14,1.97,0.23,0.18,8.02300933,2005.770651,0.95,2.712024439,0.24811083142,21.25905,-157.79065,BP,H2,SPRING,NA,23.41833383,1.65,270.84,57.7,0.61,8.092309441,2724.614457,NA,1.411683807,34.1108312346,NA,NA,BP,AM,SPRING,24.31201556,34.65731295,0.18,1.43,0.16,0.17,8.079,2315.692172,0.42,3.184632374,0.18010075647,NA,NA,BP,AM,SPRING,24.31201556,34.6468837,0.25,1.68,0.9,0.2,8.123,2232.024232,0.51,3.312134442,0.21158690224,21.25873,-157.79053,BP,L1,FALL,26.76143858,32.86348161,0.33,44.43,6.82,1.9,7.967,2332.185876,5.954766676,3.08,5.59571788428,21.25846,-157.79051,BP,L1,FALL,26.69573782,33.84424847,0.26,20.92,3.87,1.59,8.082,2286.930259,0.42026911,3.75,2.63476070540,21.25834,-157.79048,BP,L1,FALL,27.00614145,33.73870444,0.24,23.45,5.17,1.15,8.08,2269.68769,2.588033209,3.73,2.95340050432,21.25817,-157.79045,BP,L1,FALL,27.31654507,34.63728879,0.12,1.91,0.14,0.87,8.089,2242.025661,0.595476668,3.82,0.24055415636,21.25784,-157.79033,BP,L1,FALL,27.05741591,34.63979181,0.11,1.85,0.09,0.67,8.062,2243.54534,0.804106074,3.62,0.23299748123,21.259,-157.79021,BP,L1,FALL,26.86921055,33.41498046,0.27,31.21,5.13,1.49,7.963,2320.817047,1.700543945,3.08,3.93073047927,21.25889,-157.79007,BP,L1,FALL,26.66101029,33.99359536,0.18,17.34,1.55,1.1,7.879,2275.301599,5.624582498,2.58,2.18387909339,21.25864,-157.79005,BP,L1,FALL,26.90438398,33.75497407,0.21,23.06,3.43,0.84,8.064,2276.121447,NA,3.63,2.90428211631,21.25853,-157.79005,BP,L1,FALL,27.55117867,33.64484117,0.47,25.7,5.28,1.05,8.075,2258.85078,0.496720844,3.74,3.23677581935,21.25809,-157.78984,BP,L1,FALL,27.0354885,32.82426762,0.31,45.37,6.15,2.05,8.057,2254.674753,1.080679878,3.53,5.71410579322,21.25931,-157.78983,BP,L1,FALL,26.79420944,32.83761706,0.3,45.05,5.9,1.6,7.985,2331.331611,4.304906109,3.19,5.67380352626,21.25891,-157.78981,BP,L1,FALL,26.55823033,33.9664793,0.23,17.99,4.39,0.66,7.973,2307.713267,1.055032792,3.11,2.26574307338,21.25893,-157.78972,BP,L1,FALL,26.57201624,34.10539694,0.12,14.66,0.89,0.69,7.993,2330.784967,1.165407739,3.26,1.84634760730,21.25857,-157.78987,BP,L1,FALL,27.22778133,33.47171559,0.26,29.85,5.47,1.45,8.057,2304.378372,0.985675054,3.66,3.75944584434,21.25832,-157.78957,BP,L1,FALL,27.13163491,33.95187835,0.19,18.34,3.57,1.01,8.073,2264.791301,0.635116387,3.7,2.30982367821,21.2598,-157.78912,BP,L1,FALL,27.10562886,34.59932631,0.09,2.82,0.14,0.47,8.011,2264.357533,4.238795137,3.35,0.35516372825,21.25954,-157.78909,BP,L1,FALL,27.24601463,34.62519086,0.1,2.2,0.06,0.91,8.035,2267.318516,1.043627032,3.51,0.27707808637,21.25962,-157.7888,BP,L1,FALL,26.96524308,34.61476161,0.09,2.45,0.02,0.12,8.032,2265.980562,7.071571143,3.46,0.30856423229,21.25939,-157.78873,BP,L1,FALL,26.76421938,33.11795536,0.32,38.33,8.99,0.6,8.019,2241.769351,6.091520662,3.26,4.82745591933,21.25885,-157.788902,BP,L1,FALL,26.94792715,34.61559595,0.12,2.43,0.26,0.29,8.107,2240.192809,0.548652861,3.88,0.3060453442,21.25905,-157.79065,BP,L1,FALL,NA,4.437905441,3.79,847.66,171.42,0.019,NA,3032.161996,0.818780418,NA,106.758186424,21.25873,-157.79053,BP,H1,FALL,28.80420676,34.56845573,0.12,3.56,0.37,0.39,8.238,2247.418868,5.840251932,5.08,0.4483627228,21.25846,-157.79051,BP,H1,FALL,27.86263556,34.46916925,0.13,5.94,0.63,0.46,8.184,2251.205647,1.419982823,4.55,0.74811083140,21.25834,-157.79048,BP,H1,FALL,27.93680125,34.61142425,0.12,2.53,0.27,0.39,8.174,2254.218952,1.500143143,4.5,0.31863979832,21.25817,-157.79045,BP,H1,FALL,28.01096694,34.58347385,0.12,3.2,0.41,0.5,8.181,2263.962936,0.818780418,4.58,0.4030226736,21.25784,-157.79033,BP,H1,FALL,27.89482354,34.46458038,0.13,6.05,0.47,0.4,8.205,2240.933924,1.568291987,4.68,0.76196473623,21.259,-157.79021,BP,H1,FALL,28.34277982,34.59849197,0.12,2.84,0.48,0.4,8.159,2232.993566,2.937074148,4.4,0.3576826227,21.25889,-157.79007,BP,H1,FALL,27.80863216,34.58430819,0.11,3.18,0.18,0.26,8.16,2253.612321,0.903625433,4.38,0.40050377839,21.25864,-157.79005,BP,H1,FALL,27.53207537,34.58514253,0.15,3.16,0.29,0.37,8.161,2242.801505,2.702547953,4.33,0.39798488731,21.25853,-157.79005,BP,H1,FALL,28.13003202,34.63728879,0.12,1.91,0.12,0.59,8.154,2242.367666,1.007729745,4.36,0.24055415635,21.25809,-157.78984,BP,H1,FALL,27.96183195,34.61559595,0.12,2.43,0.25,0.34,8.192,2243.444413,0.612313834,4.61,0.3060453422,21.25931,-157.78983,BP,H1,FALL,27.79777626,34.61058991,0.13,2.55,0.23,0.32,8.237,2246.246271,0.733775243,4.93,0.3211586926,21.25891,-157.78981,BP,H1,FALL,27.42398694,34.6260252,0.11,2.18,0.18,0.21,8.148,2256.83964,0.769888794,4.26,0.27455919438,21.25893,-157.78972,BP,H1,FALL,27.32303057,34.61851614,0.11,2.36,0.27,0.99,8.127,2242.669672,0.950472373,4.07,0.29722921930,21.25857,-157.78987,BP,H1,FALL,27.8310537,34.55135175,0.15,3.97,1.19,0.32,8.148,2260.144041,0.893215001,4.31,0.534,21.25832,-157.78957,BP,H1,FALL,27.89644282,34.64521502,0.11,1.72,0.11,0.7,8.021,2299.97428,0.889649273,3.55,0.21662468521,21.2598,-157.78912,BP,H1,FALL,27.50866273,34.61726463,0.12,2.39,0.13,0.18,8.126,2240.160568,4.964002078,4.08,0.30100755725,21.25954,-157.78909,BP,H1,FALL,27.69213699,34.63061407,0.11,2.07,0.13,0.29,8.103,2274.232202,2.324649299,4.02,0.2607052937,21.25962,-157.7888,BP,H1,FALL,27.32518847,34.63103124,0.1,2.06,0.11,0.58,8.097,2257.036208,3.622058933,3.9,0.25944584429,21.25939,-157.78873,BP,H1,FALL,27.02672311,34.61976765,0.1,2.33,0.12,1.85,8.102,2266.276492,2.264043342,3.91,0.29345088233,21.25885,-157.788902,BP,H1,FALL,27.46158297,34.63186558,0.13,2.04,0.36,0.37,8.097,2272.939258,6.756369883,3.94,0.25692695242,21.25905,-157.79065,BP,H1,FALL,NA,29.81897437,0.91,117.41,22.65,1.34,NA,2322.011734,7.308460003,NA,14.7871536524,21.25873,-157.79053,BP,L2,FALL,26.60019207,33.1354765,0.45,37.91,9.23,1.28,7.965,2309.720093,0.981162325,3.04,4.77455919428,21.25846,-157.79051,BP,L2,FALL,26.14964391,33.71659442,0.35,23.98,5.75,1.02,7.97,2284.595236,0.43114801,3.01,3.02015113440,21.25834,-157.79048,BP,L2,FALL,26.34236521,34.34735558,0.19,8.86,2.07,0.69,7.97,2293.36831,3.347590533,3.06,1.11586901832,21.25817,-157.79045,BP,L2,FALL,26.53508651,34.59098291,0.12,3.02,0.38,0.28,7.978,2263.5227,1.374176925,3.09,0.38035264536,21.25784,-157.79033,BP,L2,FALL,26.49456815,34.61643029,0.11,2.41,0.14,0.65,8.008,2298.111629,0.65055075,3.31,0.30352644823,21.259,-157.79021,BP,L2,FALL,27.23597384,33.10043422,0.34,38.75,6.73,0.68,7.975,2304.653299,0.69258517,3.15,4.88035264527,21.25889,-157.79007,BP,L2,FALL,26.48220751,32.89602088,0.37,43.65,9.31,1.02,7.953,2317.478024,0.682847176,2.96,5.49748110839,21.25864,-157.79005,BP,L2,FALL,26.16875144,32.65990261,0.33,49.31,7.79,0.65,7.968,2310.447481,0.616367265,2.99,6.21032745631,21.25853,-157.79005,BP,L2,FALL,26.75952595,34.10122524,0.19,14.76,3.47,0.52,7.977,2301.735952,0.493013972,3.15,1.85894206535,21.25809,-157.78984,BP,L2,FALL,26.47511916,34.61851614,0.14,2.36,0.36,0.75,8.002,2270.034481,0.612703668,3.24,0.29722921922,21.25931,-157.78983,BP,L2,FALL,27.06774146,33.63107456,0.27,26.03,5.75,0.85,7.872,2323.055217,1.362725451,2.62,3.27833753126,21.25891,-157.78981,BP,L2,FALL,26.27084599,32.9473328,0.36,42.42,9.27,1.14,7.962,2328.288261,0.68519648,3,5.3425692738,21.25893,-157.78972,BP,L2,FALL,26.32914645,32.66866318,0.35,49.1,9.97,1.22,7.954,2340.756951,0.686172345,2.97,6.18387909330,21.25857,-157.78987,BP,L2,FALL,26.4641387,31.43383975,0.56,78.7,18.91,0.98,7.937,2363.733527,0.900018146,2.87,9.91183879134,21.25832,-157.78957,BP,L2,FALL,26.46962893,34.61142425,0.11,2.53,0.32,0.53,7.953,2333.262554,0.532027017,3.04,0.31863979821,21.2598,-157.78912,BP,L2,FALL,26.55552153,34.5605295,0.14,3.75,0.41,0.47,7.966,2258.936004,0.386619393,3.02,0.47229219125,21.25954,-157.78909,BP,L2,FALL,26.66196532,34.6385403,0.11,1.88,0.13,0.41,7.979,2243.840258,0.479633326,3.08,0.23677581937,21.25962,-157.7888,BP,L2,FALL,26.44907773,34.63979181,0.1,1.85,0.11,0.47,7.986352895,2251.215074,0.513259196,3.113623817,0.23299748129,21.25939,-157.78873,BP,L2,FALL,26.28370408,34.60683537,0.13,2.64,0.24,0.2,7.994422731,2246.641546,1.068804275,3.134301318,0.33249370333,21.25885,-157.788902,BP,L2,FALL,26.3766665,34.63520294,0.11,1.96,0.11,0.43,7.935437457,2272.420358,0.755797309,2.856742849,0.24685138542,21.25905,-157.79065,BP,L2,FALL,NA,4.127570774,3.47,863.97,174.14,0.019,NA,3023.370737,5.23332379,NA,108.812342624,21.25873,-157.79053,BP,H2,FALL,26.18770102,34.56929007,0.14,3.54,0.37,0.27,7.948460354,2249.425308,5.500231232,2.8750742,0.44584382928,21.25846,-157.79051,BP,H2,FALL,25.97532077,34.61017274,0.13,2.56,0.25,0.45,7.977855951,2287.415556,3.138584862,3.067484809,0.32241813640,21.25834,-157.79048,BP,H2,FALL,26.12886004,34.59890914,0.12,2.83,0.37,0.59,7.973693782,2283.299873,2.182827193,3.053752606,0.35642317432,21.25817,-157.79045,BP,H2,FALL,26.2823993,34.62435652,0.12,2.22,0.17,0.49,7.979602367,2287.935858,1.991675659,3.110121915,0.27959697736,21.25784,-157.79033,BP,H2,FALL,26.1586899,34.2105238,0.19,12.14,2.43,0.61,7.95973632,2265.708995,1.991675659,2.941909262,1.52896725423,21.259,-157.79021,BP,H2,FALL,26.29858645,34.6343686,0.11,1.98,0.1,0.24,7.971853415,2272.158322,1.050207278,3.046506091,0.24937027727,21.25889,-157.79007,BP,H2,FALL,26.23589757,34.61976765,0.13,2.33,0.25,0.26,7.977504528,2271.308956,0.921234454,3.069916591,0.29345088239,21.25864,-157.79005,BP,H2,FALL,26.07985873,34.63395143,0.1,1.99,0.18,0.31,7.981226515,2298.45,0.906986028,3.113599689,0.25062972331,21.25853,-157.79005,BP,H2,FALL,26.5916292,34.5450942,0.13,4.12,0.46,0.55,7.975679949,2264.320621,0.683433134,3.083550866,0.51889168835,21.25809,-157.78984,BP,H2,FALL,26.09454258,34.63186558,0.12,2.04,0.27,0.94,7.953058009,2263.395711,1.250501002,2.911349086,0.25692695222,21.25931,-157.78983,BP,H2,FALL,26.31830068,34.63687162,0.12,1.92,0.13,0.5,7.987136933,2267.586066,0.911510313,3.127967134,0.24181360226,21.25891,-157.78981,BP,H2,FALL,26.13841495,34.63645445,0.15,1.93,0.45,0.19,7.993607232,2268.317898,1.005087097,3.147052097,0.24307304838,21.25893,-157.78972,BP,H2,FALL,26.04415533,34.62060199,0.11,2.31,0.23,0.22,7.993961285,2308.201796,1.21091151,3.196245963,0.2909319930,21.25857,-157.78987,BP,H2,FALL,26.33574397,34.62352218,0.12,2.24,0.32,0.42,7.988899045,2277.28047,1.10499002,3.153276302,0.28211586934,21.25832,-157.78957,BP,H2,FALL,26.21514327,33.3515706,0.23,32.73,3.78,0.42,7.957918286,2270.886531,1.556446226,2.91286407,4.12216624721,21.2598,-157.78912,BP,H2,FALL,26.39607726,34.63937464,0.11,1.86,0.14,0.13,7.979702972,2287.435587,2.429474333,3.122300078,0.23425692725,21.25954,-157.78909,BP,H2,FALL,26.52213592,34.63061407,0.11,2.07,0.14,0.07,7.99735822,2291.088014,0.733775243,3.24219726,0.2607052937,21.25962,-157.7888,BP,H2,FALL,26.2700186,34.08662428,0.2,15.11,3.48,0.69,7.999987512,2261.598973,0.758439957,3.167158771,1.9030226729,21.25939,-157.78873,BP,H2,FALL,26.04433627,34.64104332,0.13,1.82,0.13,0.19,7.99714614,2264.343242,3.070140281,3.151862634,0.22921914433,21.25885,-157.788902,BP,H2,FALL,26.12973977,34.63228275,0.1,2.03,0.05,0.53,7.989379154,2280.975035,1.448823573,3.140221948,0.25566750642,21.25905,-157.79065,BP,H2,FALL,NA,NA,NA,NA,NA,NA,NA,NA,NA,NA,NA